Sample,MAE,RMSE,CRPS,Coverage
0,1.1449484825134277,1.2619590412360884,0.9708756,1.0
1,20.596359252929688,25.253602630135394,12.711386,0.75
2,3.2720389366149902,3.463068114679054,3.1219718,1.0
3,1.883750557899475,2.066160133286047,1.1535693,0.75
4,7.089658260345459,8.30107352426621,4.002528,1.0
