Sample,ARIMA_MAE,ARIMA_MSE,ARIMA_RMSE,ARIMA_R2,SARIMA_MAE,SARIMA_MSE,SARIMA_RMSE,SARIMA_R2,ExpSmoothing_MAE,ExpSmoothing_MSE,ExpSmoothing_RMSE,ExpSmoothing_R2
0,16.525741372180455,352.01411769374033,18.762039273323683,-4.189162382865407,46.28373563285148,2728.392524777294,52.234016931280465,-39.220181929133105,30.325278836215784,1129.6783289416226,33.61068771896259,-15.652980646595143
1,4.361081815264411,27.625462951841932,5.255993050969715,-2.1400942395445672,1.462127322596828,2.6975945698569075,1.6424355603362062,0.6933734220417981,1.4930496227760521,3.022383401461711,1.7385003311652578,0.6564557587625062
2,14.73698855585591,224.14992625629537,14.971637393962471,-24.697183448590955,9.35159100866834,92.15444959192868,9.599710911893581,-9.564847538963708,7.194689380260537,76.95294555277056,8.772282801686831,-7.822103989978171
3,10.524823774153461,168.796103954782,12.992155477625028,-2.19918549456915,11.111496673682243,179.30171819265902,13.390359150995877,-2.398297961586509,11.152541308322657,178.94551097629966,13.377051654841573,-2.391546781121212
4,1.972917458722105,6.241686705312207,2.498336787807482,-24.487505840908035,2.125064066043453,7.100291922702228,2.664637296650752,-27.993562220610233,3.0171834601146243,13.483823722848822,3.672032641855029,-54.06028292022284
