MAE,MSE,RMSE,SMAPE,NRMSE,CRPS,90%_Coverage,Sample
1653.372314453125,4795674.5,2189.90283203125,3.5549812018871307,0.3449847996234894,1443.0849609375,1.0,0
910.6129760742188,1002598.625,1001.2984619140625,6.514453142881393,0.9240758419036865,822.4744262695312,1.0,1
