MAE,MSE,RMSE,SMAPE,NRMSE,CRPS,90%_Coverage,Sample
83.1727066040039,9747.0361328125,98.72708129882812,29.028820991516113,3.010704278945923,43.39275360107422,1.0,0
4.666203022003174,33.41019058227539,5.780154705047607,5.834687501192093,0.6140139102935791,4.733089923858643,1.0,1
19.737533569335938,428.5350036621094,20.701086044311523,30.30003309249878,1.596338152885437,10.49555778503418,0.8500000238418579,2
16.54242515563965,420.5149841308594,20.50646209716797,15.682680904865265,0.9813806414604187,9.413930892944336,1.0,3
0.8648307919502258,0.9798178672790527,0.9898574948310852,11.869467794895172,0.5148423910140991,0.7164080739021301,1.0,4
