Sample,MAE,RMSE,CRPS,Coverage
0,38.29840850830078,44.86120903600209,24.346558,0.6
1,89.55986022949219,108.23132416842178,70.46429,0.75
2,25.436025619506836,37.55555780274073,25.333805,1.0
3,13.643186569213867,16.780458911171984,7.7121468,1.0
4,7.498537540435791,7.974005667664117,3.8844662,1.0
