Sample,MAE,RMSE,CRPS,Coverage
0,19.36044692993164,19.75602842627251,12.262511,0.2
1,1.1483452320098877,1.4574202358346031,3.7373161,1.0
2,50.96783447265625,64.57938201958308,46.54694,0.8
3,52.091644287109375,67.06129862623821,38.995975,0.9
4,13.96928882598877,15.364634423467317,7.1878633,1.0
