MAE,MSE,RMSE,SMAPE,NRMSE,CRPS,90%_Coverage,Sample
1678.072998046875,4434079.0,2105.725341796875,4.008673503994942,0.24736781418323517,1365.5635986328125,1.0,0
676.7313232421875,661909.625,813.5782470703125,6.511292606592178,0.3598286807537079,715.7720947265625,1.0,1
938.4869384765625,952217.3125,975.8162231445312,12.209216505289078,1.4810097217559814,747.1363525390625,1.0,2
4181.025390625,19277366.0,4390.599609375,14.242160320281982,0.8861569762229919,2727.3955078125,1.0,3
1053.6982421875,1150448.25,1072.5894775390625,13.824927806854248,1.4099866151809692,774.2032470703125,1.0,4
