MAE,MSE,RMSE,SMAPE,NRMSE,CRPS,90%_Coverage,Sample
661.3009643554688,674947.625,821.5519409179688,2.3881684988737106,0.18974906206130981,933.9716796875,1.0,0
1494.7601318359375,3309645.25,1819.2430419921875,4.638593643903732,0.6070806980133057,1251.030029296875,1.0,1
1903.7008056640625,3873806.5,1968.1988525390625,19.386520981788635,1.121757984161377,1181.5538330078125,1.0,2
3189.435302734375,16391190.0,4048.603515625,6.905384361743927,0.6814647912979126,2389.909423828125,0.800000011920929,3
1352.431640625,2393935.75,1547.23486328125,3.4588556736707687,0.36228179931640625,1151.764404296875,1.0,4
